dataset,instance,path,n,k,algorithm,max_route,total_distance,balance,runtime,iterations,return_to_depot,local_search,has_reference,reference_type,reference_max_route,reference_total_distance,reference_balance,max_route_gap,max_route_gap_percent,total_distance_gap,status,reference_source,reference_source_file,solution_path
hustack,tc1,data\hustack\tc1.txt,10,2,alns,28,53,3,5.000015,118203,no,no,yes,jury,28,53,3,0,0.00,0,matched,HUSTACK jury output,data\raw\hustack_jury\tc1.out,outputs\experiments\algorithm_benchmarks\hustack\alns\tc1.txt
hustack,tc1,data\hustack\tc1.txt,10,2,round_robin,49,97,1,0.000007,1,no,no,yes,jury,28,53,3,21,75.00,44,worse_max,HUSTACK jury output,data\raw\hustack_jury\tc1.out,outputs\experiments\algorithm_benchmarks\hustack\round_robin\tc1.txt
hustack,tc1,data\hustack\tc1.txt,10,2,greedy_balanced,28,53,3,0.000059,1,no,no,yes,jury,28,53,3,0,0.00,0,matched,HUSTACK jury output,data\raw\hustack_jury\tc1.out,outputs\experiments\algorithm_benchmarks\hustack\greedy_balanced\tc1.txt
hustack,tc1,data\hustack\tc1.txt,10,2,nearest_insertion,28,53,3,0.000058,1,no,no,yes,jury,28,53,3,0,0.00,0,matched,HUSTACK jury output,data\raw\hustack_jury\tc1.out,outputs\experiments\algorithm_benchmarks\hustack\nearest_insertion\tc1.txt
hustack,tc2,data\hustack\tc2.txt,600,20,alns,67,1291,9,5.053397,154,no,no,yes,jury,66,1277,8,1,1.52,14,worse_max,HUSTACK jury output,data\raw\hustack_jury\tc2.out,outputs\experiments\algorithm_benchmarks\hustack\alns\tc2.txt
hustack,tc2,data\hustack\tc2.txt,600,20,round_robin,980,15678,388,0.000064,1,no,no,yes,jury,66,1277,8,914,1384.85,14401,worse_max,HUSTACK jury output,data\raw\hustack_jury\tc2.out,outputs\experiments\algorithm_benchmarks\hustack\round_robin\tc2.txt
hustack,tc2,data\hustack\tc2.txt,600,20,greedy_balanced,75,1382,15,0.156892,1,no,no,yes,jury,66,1277,8,9,13.64,105,worse_max,HUSTACK jury output,data\raw\hustack_jury\tc2.out,outputs\experiments\algorithm_benchmarks\hustack\greedy_balanced\tc2.txt
hustack,tc2,data\hustack\tc2.txt,600,20,nearest_insertion,100,1799,16,0.045769,1,no,no,yes,jury,66,1277,8,34,51.52,522,worse_max,HUSTACK jury output,data\raw\hustack_jury\tc2.out,outputs\experiments\algorithm_benchmarks\hustack\nearest_insertion\tc2.txt
hustack,tc3,data\hustack\tc3.txt,800,20,alns,73,1395,11,5.006616,49,no,no,yes,jury,75,1463,6,-2,-2.67,-68,better_max,HUSTACK jury output,data\raw\hustack_jury\tc3.out,outputs\experiments\algorithm_benchmarks\hustack\alns\tc3.txt
hustack,tc3,data\hustack\tc3.txt,800,20,round_robin,1290,21331,420,0.000137,1,no,no,yes,jury,75,1463,6,1215,1620.00,19868,worse_max,HUSTACK jury output,data\raw\hustack_jury\tc3.out,outputs\experiments\algorithm_benchmarks\hustack\round_robin\tc3.txt
hustack,tc3,data\hustack\tc3.txt,800,20,greedy_balanced,81,1463,15,0.339959,1,no,no,yes,jury,75,1463,6,6,8.00,0,worse_max,HUSTACK jury output,data\raw\hustack_jury\tc3.out,outputs\experiments\algorithm_benchmarks\hustack\greedy_balanced\tc3.txt
hustack,tc3,data\hustack\tc3.txt,800,20,nearest_insertion,105,1937,12,0.064133,1,no,no,yes,jury,75,1463,6,30,40.00,474,worse_max,HUSTACK jury output,data\raw\hustack_jury\tc3.out,outputs\experiments\algorithm_benchmarks\hustack\nearest_insertion\tc3.txt
hustack,tc4,data\hustack\tc4.txt,1000,20,alns,79,1527,4,5.167750,35,no,no,yes,jury,95,1827,9,-16,-16.84,-300,better_max,HUSTACK jury output,data\raw\hustack_jury\tc4.out,outputs\experiments\algorithm_benchmarks\hustack\alns\tc4.txt
hustack,tc4,data\hustack\tc4.txt,1000,20,round_robin,1491,26101,331,0.000184,1,no,no,yes,jury,95,1827,9,1396,1469.47,24274,worse_max,HUSTACK jury output,data\raw\hustack_jury\tc4.out,outputs\experiments\algorithm_benchmarks\hustack\round_robin\tc4.txt
hustack,tc4,data\hustack\tc4.txt,1000,20,greedy_balanced,82,1561,14,0.549550,1,no,no,yes,jury,95,1827,9,-13,-13.68,-266,better_max,HUSTACK jury output,data\raw\hustack_jury\tc4.out,outputs\experiments\algorithm_benchmarks\hustack\greedy_balanced\tc4.txt
hustack,tc4,data\hustack\tc4.txt,1000,20,nearest_insertion,129,2062,32,0.097003,1,no,no,yes,jury,95,1827,9,34,35.79,235,worse_max,HUSTACK jury output,data\raw\hustack_jury\tc4.out,outputs\experiments\algorithm_benchmarks\hustack\nearest_insertion\tc4.txt
hustack,tc5,data\hustack\tc5.txt,700,20,alns,72,1361,19,5.153864,57,no,no,yes,jury,71,1380,8,1,1.41,-19,worse_max,HUSTACK jury output,data\raw\hustack_jury\tc5.out,outputs\experiments\algorithm_benchmarks\hustack\alns\tc5.txt
hustack,tc5,data\hustack\tc5.txt,700,20,round_robin,1065,18770,262,0.000133,1,no,no,yes,jury,71,1380,8,994,1400.00,17390,worse_max,HUSTACK jury output,data\raw\hustack_jury\tc5.out,outputs\experiments\algorithm_benchmarks\hustack\round_robin\tc5.txt
hustack,tc5,data\hustack\tc5.txt,700,20,greedy_balanced,77,1422,11,0.267980,1,no,no,yes,jury,71,1380,8,6,8.45,42,worse_max,HUSTACK jury output,data\raw\hustack_jury\tc5.out,outputs\experiments\algorithm_benchmarks\hustack\greedy_balanced\tc5.txt
hustack,tc5,data\hustack\tc5.txt,700,20,nearest_insertion,110,1966,20,0.060467,1,no,no,yes,jury,71,1380,8,39,54.93,586,worse_max,HUSTACK jury output,data\raw\hustack_jury\tc5.out,outputs\experiments\algorithm_benchmarks\hustack\nearest_insertion\tc5.txt
hustack,tc6,data\hustack\tc6.txt,100,5,alns,32,154,3,5.001084,636,no,no,yes,jury,33,164,1,-1,-3.03,-10,better_max,HUSTACK jury output,data\raw\hustack_jury\tc6.out,outputs\experiments\algorithm_benchmarks\hustack\alns\tc6.txt
hustack,tc6,data\hustack\tc6.txt,100,5,round_robin,264,1055,92,0.000014,1,no,no,yes,jury,33,164,1,231,700.00,891,worse_max,HUSTACK jury output,data\raw\hustack_jury\tc6.out,outputs\experiments\algorithm_benchmarks\hustack\round_robin\tc6.txt
hustack,tc6,data\hustack\tc6.txt,100,5,greedy_balanced,34,152,9,0.007115,1,no,no,yes,jury,33,164,1,1,3.03,-12,worse_max,HUSTACK jury output,data\raw\hustack_jury\tc6.out,outputs\experiments\algorithm_benchmarks\hustack\greedy_balanced\tc6.txt
hustack,tc6,data\hustack\tc6.txt,100,5,nearest_insertion,53,220,12,0.002606,1,no,no,yes,jury,33,164,1,20,60.61,56,worse_max,HUSTACK jury output,data\raw\hustack_jury\tc6.out,outputs\experiments\algorithm_benchmarks\hustack\nearest_insertion\tc6.txt
hustack,tc7,data\hustack\tc7.txt,1000,20,alns,79,1527,4,5.047712,38,no,no,yes,jury,95,1827,9,-16,-16.84,-300,better_max,HUSTACK jury output,data\raw\hustack_jury\tc7.out,outputs\experiments\algorithm_benchmarks\hustack\alns\tc7.txt
hustack,tc7,data\hustack\tc7.txt,1000,20,round_robin,1491,26101,331,0.000105,1,no,no,yes,jury,95,1827,9,1396,1469.47,24274,worse_max,HUSTACK jury output,data\raw\hustack_jury\tc7.out,outputs\experiments\algorithm_benchmarks\hustack\round_robin\tc7.txt
hustack,tc7,data\hustack\tc7.txt,1000,20,greedy_balanced,82,1561,14,0.455147,1,no,no,yes,jury,95,1827,9,-13,-13.68,-266,better_max,HUSTACK jury output,data\raw\hustack_jury\tc7.out,outputs\experiments\algorithm_benchmarks\hustack\greedy_balanced\tc7.txt
hustack,tc7,data\hustack\tc7.txt,1000,20,nearest_insertion,129,2062,32,0.096378,1,no,no,yes,jury,95,1827,9,34,35.79,235,worse_max,HUSTACK jury output,data\raw\hustack_jury\tc7.out,outputs\experiments\algorithm_benchmarks\hustack\nearest_insertion\tc7.txt
hustack,tc8,data\hustack\tc8.txt,500,10,alns,94,907,13,5.001455,108,no,no,yes,jury,104,1025,5,-10,-9.62,-118,better_max,HUSTACK jury output,data\raw\hustack_jury\tc8.out,outputs\experiments\algorithm_benchmarks\hustack\alns\tc8.txt
hustack,tc8,data\hustack\tc8.txt,500,10,round_robin,1546,13747,290,0.000036,1,no,no,yes,jury,104,1025,5,1442,1386.54,12722,worse_max,HUSTACK jury output,data\raw\hustack_jury\tc8.out,outputs\experiments\algorithm_benchmarks\hustack\round_robin\tc8.txt
hustack,tc8,data\hustack\tc8.txt,500,10,greedy_balanced,102,982,14,0.038473,1,no,no,yes,jury,104,1025,5,-2,-1.92,-43,better_max,HUSTACK jury output,data\raw\hustack_jury\tc8.out,outputs\experiments\algorithm_benchmarks\hustack\greedy_balanced\tc8.txt
hustack,tc8,data\hustack\tc8.txt,500,10,nearest_insertion,176,1572,27,0.009730,1,no,no,yes,jury,104,1025,5,72,69.23,547,worse_max,HUSTACK jury output,data\raw\hustack_jury\tc8.out,outputs\experiments\algorithm_benchmarks\hustack\nearest_insertion\tc8.txt
hustack,tc9,data\hustack\tc9.txt,100,5,alns,31,153,1,5.009203,929,no,no,yes,jury,33,164,1,-2,-6.06,-11,better_max,HUSTACK jury output,data\raw\hustack_jury\tc9.out,outputs\experiments\algorithm_benchmarks\hustack\alns\tc9.txt
hustack,tc9,data\hustack\tc9.txt,100,5,round_robin,264,1055,92,0.000014,1,no,no,yes,jury,33,164,1,231,700.00,891,worse_max,HUSTACK jury output,data\raw\hustack_jury\tc9.out,outputs\experiments\algorithm_benchmarks\hustack\round_robin\tc9.txt
hustack,tc9,data\hustack\tc9.txt,100,5,greedy_balanced,34,152,9,0.005802,1,no,no,yes,jury,33,164,1,1,3.03,-12,worse_max,HUSTACK jury output,data\raw\hustack_jury\tc9.out,outputs\experiments\algorithm_benchmarks\hustack\greedy_balanced\tc9.txt
hustack,tc9,data\hustack\tc9.txt,100,5,nearest_insertion,53,220,12,0.003094,1,no,no,yes,jury,33,164,1,20,60.61,56,worse_max,HUSTACK jury output,data\raw\hustack_jury\tc9.out,outputs\experiments\algorithm_benchmarks\hustack\nearest_insertion\tc9.txt
hustack,tc10,data\hustack\tc10.txt,900,20,alns,76,1484,3,5.047827,37,no,no,yes,jury,78,1535,4,-2,-2.56,-51,better_max,HUSTACK jury output,data\raw\hustack_jury\tc10.out,outputs\experiments\algorithm_benchmarks\hustack\alns\tc10.txt
hustack,tc10,data\hustack\tc10.txt,900,20,round_robin,1278,23310,427,0.000164,1,no,no,yes,jury,78,1535,4,1200,1538.46,21775,worse_max,HUSTACK jury output,data\raw\hustack_jury\tc10.out,outputs\experiments\algorithm_benchmarks\hustack\round_robin\tc10.txt
hustack,tc10,data\hustack\tc10.txt,900,20,greedy_balanced,81,1556,9,0.375990,1,no,no,yes,jury,78,1535,4,3,3.85,21,worse_max,HUSTACK jury output,data\raw\hustack_jury\tc10.out,outputs\experiments\algorithm_benchmarks\hustack\greedy_balanced\tc10.txt
hustack,tc10,data\hustack\tc10.txt,900,20,nearest_insertion,124,2039,31,0.077909,1,no,no,yes,jury,78,1535,4,46,58.97,504,worse_max,HUSTACK jury output,data\raw\hustack_jury\tc10.out,outputs\experiments\algorithm_benchmarks\hustack\nearest_insertion\tc10.txt
hustack,tc11,data\hustack\tc11.txt,200,10,alns,26,251,3,5.002528,192,no,no,yes,jury,28,274,3,-2,-7.14,-23,better_max,HUSTACK jury output,data\raw\hustack_jury\tc11.out,outputs\experiments\algorithm_benchmarks\hustack\alns\tc11.txt
hustack,tc11,data\hustack\tc11.txt,200,10,round_robin,230,1972,54,0.000028,1,no,no,yes,jury,28,274,3,202,721.43,1698,worse_max,HUSTACK jury output,data\raw\hustack_jury\tc11.out,outputs\experiments\algorithm_benchmarks\hustack\round_robin\tc11.txt
hustack,tc11,data\hustack\tc11.txt,200,10,greedy_balanced,30,278,6,0.018307,1,no,no,yes,jury,28,274,3,2,7.14,4,worse_max,HUSTACK jury output,data\raw\hustack_jury\tc11.out,outputs\experiments\algorithm_benchmarks\hustack\greedy_balanced\tc11.txt
hustack,tc11,data\hustack\tc11.txt,200,10,nearest_insertion,45,353,13,0.002910,1,no,no,yes,jury,28,274,3,17,60.71,79,worse_max,HUSTACK jury output,data\raw\hustack_jury\tc11.out,outputs\experiments\algorithm_benchmarks\hustack\nearest_insertion\tc11.txt
hustack,tc12,data\hustack\tc12.txt,6,2,alns,10,19,1,5.000016,96028,no,no,yes,jury,10,19,1,0,0.00,0,matched,HUSTACK jury output,data\raw\hustack_jury\tc12.out,outputs\experiments\algorithm_benchmarks\hustack\alns\tc12.txt
hustack,tc12,data\hustack\tc12.txt,6,2,round_robin,17,32,2,0.000008,1,no,no,yes,jury,10,19,1,7,70.00,13,worse_max,HUSTACK jury output,data\raw\hustack_jury\tc12.out,outputs\experiments\algorithm_benchmarks\hustack\round_robin\tc12.txt
hustack,tc12,data\hustack\tc12.txt,6,2,greedy_balanced,10,19,1,0.000072,1,no,no,yes,jury,10,19,1,0,0.00,0,matched,HUSTACK jury output,data\raw\hustack_jury\tc12.out,outputs\experiments\algorithm_benchmarks\hustack\greedy_balanced\tc12.txt
hustack,tc12,data\hustack\tc12.txt,6,2,nearest_insertion,12,22,2,0.000043,1,no,no,yes,jury,10,19,1,2,20.00,3,worse_max,HUSTACK jury output,data\raw\hustack_jury\tc12.out,outputs\experiments\algorithm_benchmarks\hustack\nearest_insertion\tc12.txt
hustack,tc13,data\hustack\tc13.txt,6,2,alns,10,19,1,5.000035,240384,no,no,yes,jury,10,19,1,0,0.00,0,matched,HUSTACK jury output,data\raw\hustack_jury\tc13.out,outputs\experiments\algorithm_benchmarks\hustack\alns\tc13.txt
hustack,tc13,data\hustack\tc13.txt,6,2,round_robin,17,32,2,0.000012,1,no,no,yes,jury,10,19,1,7,70.00,13,worse_max,HUSTACK jury output,data\raw\hustack_jury\tc13.out,outputs\experiments\algorithm_benchmarks\hustack\round_robin\tc13.txt
hustack,tc13,data\hustack\tc13.txt,6,2,greedy_balanced,10,19,1,0.000218,1,no,no,yes,jury,10,19,1,0,0.00,0,matched,HUSTACK jury output,data\raw\hustack_jury\tc13.out,outputs\experiments\algorithm_benchmarks\hustack\greedy_balanced\tc13.txt
hustack,tc13,data\hustack\tc13.txt,6,2,nearest_insertion,12,22,2,0.000044,1,no,no,yes,jury,10,19,1,2,20.00,3,worse_max,HUSTACK jury output,data\raw\hustack_jury\tc13.out,outputs\experiments\algorithm_benchmarks\hustack\nearest_insertion\tc13.txt
mtsplib_minmax,berlin52_k2,data\mtsplib_minmax\berlin52_k2.txt,51,2,alns,4118,8206,30,5.002210,3957,yes,no,yes,main,4110,8218,2,8,0.19,-12,worse_max,MTSPLIB MinMaxMTSP tours,berlin52(m=2)-tours.txt,outputs\experiments\algorithm_benchmarks\mtsplib_minmax\alns\berlin52_k2.txt
mtsplib_minmax,berlin52_k2,data\mtsplib_minmax\berlin52_k2.txt,51,2,round_robin,15313,28076,2550,0.000011,1,yes,no,yes,main,4110,8218,2,11203,272.58,19858,worse_max,MTSPLIB MinMaxMTSP tours,berlin52(m=2)-tours.txt,outputs\experiments\algorithm_benchmarks\mtsplib_minmax\round_robin\berlin52_k2.txt
mtsplib_minmax,berlin52_k2,data\mtsplib_minmax\berlin52_k2.txt,51,2,greedy_balanced,4882,9750,14,0.001058,1,yes,no,yes,main,4110,8218,2,772,18.78,1532,worse_max,MTSPLIB MinMaxMTSP tours,berlin52(m=2)-tours.txt,outputs\experiments\algorithm_benchmarks\mtsplib_minmax\greedy_balanced\berlin52_k2.txt
mtsplib_minmax,berlin52_k2,data\mtsplib_minmax\berlin52_k2.txt,51,2,nearest_insertion,5373,10395,351,0.000456,1,yes,no,yes,main,4110,8218,2,1263,30.73,2177,worse_max,MTSPLIB MinMaxMTSP tours,berlin52(m=2)-tours.txt,outputs\experiments\algorithm_benchmarks\mtsplib_minmax\nearest_insertion\berlin52_k2.txt
mtsplib_minmax,berlin52_k3,data\mtsplib_minmax\berlin52_k3.txt,51,3,alns,3133,9360,25,5.001994,3571,yes,no,yes,main,3245,9587,91,-112,-3.45,-227,better_max,MTSPLIB MinMaxMTSP tours,berlin52(m=3)-tours.txt,outputs\experiments\algorithm_benchmarks\mtsplib_minmax\alns\berlin52_k3.txt
mtsplib_minmax,berlin52_k3,data\mtsplib_minmax\berlin52_k3.txt,51,3,round_robin,10791,31704,385,0.000021,1,yes,no,yes,main,3245,9587,91,7546,232.54,22117,worse_max,MTSPLIB MinMaxMTSP tours,berlin52(m=3)-tours.txt,outputs\experiments\algorithm_benchmarks\mtsplib_minmax\round_robin\berlin52_k3.txt
mtsplib_minmax,berlin52_k3,data\mtsplib_minmax\berlin52_k3.txt,51,3,greedy_balanced,3743,10459,416,0.001899,1,yes,no,yes,main,3245,9587,91,498,15.35,872,worse_max,MTSPLIB MinMaxMTSP tours,berlin52(m=3)-tours.txt,outputs\experiments\algorithm_benchmarks\mtsplib_minmax\greedy_balanced\berlin52_k3.txt
mtsplib_minmax,berlin52_k3,data\mtsplib_minmax\berlin52_k3.txt,51,3,nearest_insertion,4826,13550,521,0.001010,1,yes,no,yes,main,3245,9587,91,1581,48.72,3963,worse_max,MTSPLIB MinMaxMTSP tours,berlin52(m=3)-tours.txt,outputs\experiments\algorithm_benchmarks\mtsplib_minmax\nearest_insertion\berlin52_k3.txt
mtsplib_minmax,berlin52_k5,data\mtsplib_minmax\berlin52_k5.txt,51,5,alns,2440,11714,371,5.000598,3891,yes,no,yes,main,2441,12082,71,-1,-0.04,-368,better_max,MTSPLIB MinMaxMTSP tours,berlin52(m=5)-tours.txt,outputs\experiments\algorithm_benchmarks\mtsplib_minmax\alns\berlin52_k5.txt
mtsplib_minmax,berlin52_k5,data\mtsplib_minmax\berlin52_k5.txt,51,5,round_robin,8958,31868,4647,0.000018,1,yes,no,yes,main,2441,12082,71,6517,266.98,19786,worse_max,MTSPLIB MinMaxMTSP tours,berlin52(m=5)-tours.txt,outputs\experiments\algorithm_benchmarks\mtsplib_minmax\round_robin\berlin52_k5.txt
mtsplib_minmax,berlin52_k5,data\mtsplib_minmax\berlin52_k5.txt,51,5,greedy_balanced,2734,11500,1268,0.002093,1,yes,no,yes,main,2441,12082,71,293,12.00,-582,worse_max,MTSPLIB MinMaxMTSP tours,berlin52(m=5)-tours.txt,outputs\experiments\algorithm_benchmarks\mtsplib_minmax\greedy_balanced\berlin52_k5.txt
mtsplib_minmax,berlin52_k5,data\mtsplib_minmax\berlin52_k5.txt,51,5,nearest_insertion,4185,18933,928,0.000399,1,yes,no,yes,main,2441,12082,71,1744,71.45,6851,worse_max,MTSPLIB MinMaxMTSP tours,berlin52(m=5)-tours.txt,outputs\experiments\algorithm_benchmarks\mtsplib_minmax\nearest_insertion\berlin52_k5.txt
mtsplib_minmax,berlin52_k7,data\mtsplib_minmax\berlin52_k7.txt,51,7,alns,2440,11714,2440,5.001000,3772,yes,no,yes,main,2440,16770,211,0,0.00,-5056,same_max_better_total,MTSPLIB MinMaxMTSP tours,berlin52(m=7)-tours.txt,outputs\experiments\algorithm_benchmarks\mtsplib_minmax\alns\berlin52_k7.txt
mtsplib_minmax,berlin52_k7,data\mtsplib_minmax\berlin52_k7.txt,51,7,round_robin,6395,34535,3109,0.000008,1,yes,no,yes,main,2440,16770,211,3955,162.09,17765,worse_max,MTSPLIB MinMaxMTSP tours,berlin52(m=7)-tours.txt,outputs\experiments\algorithm_benchmarks\mtsplib_minmax\round_robin\berlin52_k7.txt
mtsplib_minmax,berlin52_k7,data\mtsplib_minmax\berlin52_k7.txt,51,7,greedy_balanced,2448,15964,722,0.000686,1,yes,no,yes,main,2440,16770,211,8,0.33,-806,worse_max,MTSPLIB MinMaxMTSP tours,berlin52(m=7)-tours.txt,outputs\experiments\algorithm_benchmarks\mtsplib_minmax\greedy_balanced\berlin52_k7.txt
mtsplib_minmax,berlin52_k7,data\mtsplib_minmax\berlin52_k7.txt,51,7,nearest_insertion,3428,20479,976,0.000206,1,yes,no,yes,main,2440,16770,211,988,40.49,3709,worse_max,MTSPLIB MinMaxMTSP tours,berlin52(m=7)-tours.txt,outputs\experiments\algorithm_benchmarks\mtsplib_minmax\nearest_insertion\berlin52_k7.txt
mtsplib_minmax,eil51_k2,data\mtsplib_minmax\eil51_k2.txt,50,2,alns,224,444,4,5.000883,4586,yes,no,yes,main,223,443,3,1,0.45,1,worse_max,MTSPLIB MinMaxMTSP tours,eil51(m=2)-tours.txt,outputs\experiments\algorithm_benchmarks\mtsplib_minmax\alns\eil51_k2.txt
mtsplib_minmax,eil51_k2,data\mtsplib_minmax\eil51_k2.txt,50,2,round_robin,902,1640,164,0.000013,1,yes,no,yes,main,223,443,3,679,304.48,1197,worse_max,MTSPLIB MinMaxMTSP tours,eil51(m=2)-tours.txt,outputs\experiments\algorithm_benchmarks\mtsplib_minmax\round_robin\eil51_k2.txt
mtsplib_minmax,eil51_k2,data\mtsplib_minmax\eil51_k2.txt,50,2,greedy_balanced,251,496,6,0.001066,1,yes,no,yes,main,223,443,3,28,12.56,53,worse_max,MTSPLIB MinMaxMTSP tours,eil51(m=2)-tours.txt,outputs\experiments\algorithm_benchmarks\mtsplib_minmax\greedy_balanced\eil51_k2.txt
mtsplib_minmax,eil51_k2,data\mtsplib_minmax\eil51_k2.txt,50,2,nearest_insertion,291,573,9,0.000500,1,yes,no,yes,main,223,443,3,68,30.49,130,worse_max,MTSPLIB MinMaxMTSP tours,eil51(m=2)-tours.txt,outputs\experiments\algorithm_benchmarks\mtsplib_minmax\nearest_insertion\eil51_k2.txt
mtsplib_minmax,eil51_k3,data\mtsplib_minmax\eil51_k3.txt,50,3,alns,159,470,4,5.000434,4881,yes,no,yes,main,159,474,3,0,0.00,-4,same_max_better_total,MTSPLIB MinMaxMTSP tours,eil51(m=3)-tours.txt,outputs\experiments\algorithm_benchmarks\mtsplib_minmax\alns\eil51_k3.txt
mtsplib_minmax,eil51_k3,data\mtsplib_minmax\eil51_k3.txt,50,3,round_robin,656,1732,158,0.000010,1,yes,no,yes,main,159,474,3,497,312.58,1258,worse_max,MTSPLIB MinMaxMTSP tours,eil51(m=3)-tours.txt,outputs\experiments\algorithm_benchmarks\mtsplib_minmax\round_robin\eil51_k3.txt
mtsplib_minmax,eil51_k3,data\mtsplib_minmax\eil51_k3.txt,50,3,greedy_balanced,176,524,2,0.000750,1,yes,no,yes,main,159,474,3,17,10.69,50,worse_max,MTSPLIB MinMaxMTSP tours,eil51(m=3)-tours.txt,outputs\experiments\algorithm_benchmarks\mtsplib_minmax\greedy_balanced\eil51_k3.txt
mtsplib_minmax,eil51_k3,data\mtsplib_minmax\eil51_k3.txt,50,3,nearest_insertion,209,611,15,0.000299,1,yes,no,yes,main,159,474,3,50,31.45,137,worse_max,MTSPLIB MinMaxMTSP tours,eil51(m=3)-tours.txt,outputs\experiments\algorithm_benchmarks\mtsplib_minmax\nearest_insertion\eil51_k3.txt
mtsplib_minmax,eil51_k5,data\mtsplib_minmax\eil51_k5.txt,50,5,alns,118,568,14,5.000351,4275,yes,no,yes,main,124,613,3,-6,-4.84,-45,better_max,MTSPLIB MinMaxMTSP tours,eil51(m=5)-tours.txt,outputs\experiments\algorithm_benchmarks\mtsplib_minmax\alns\eil51_k5.txt
mtsplib_minmax,eil51_k5,data\mtsplib_minmax\eil51_k5.txt,50,5,round_robin,412,1559,175,0.000025,1,yes,no,yes,main,124,613,3,288,232.26,946,worse_max,MTSPLIB MinMaxMTSP tours,eil51(m=5)-tours.txt,outputs\experiments\algorithm_benchmarks\mtsplib_minmax\round_robin\eil51_k5.txt
mtsplib_minmax,eil51_k5,data\mtsplib_minmax\eil51_k5.txt,50,5,greedy_balanced,134,640,13,0.002287,1,yes,no,yes,main,124,613,3,10,8.06,27,worse_max,MTSPLIB MinMaxMTSP tours,eil51(m=5)-tours.txt,outputs\experiments\algorithm_benchmarks\mtsplib_minmax\greedy_balanced\eil51_k5.txt
mtsplib_minmax,eil51_k5,data\mtsplib_minmax\eil51_k5.txt,50,5,nearest_insertion,209,824,69,0.000691,1,yes,no,yes,main,124,613,3,85,68.55,211,worse_max,MTSPLIB MinMaxMTSP tours,eil51(m=5)-tours.txt,outputs\experiments\algorithm_benchmarks\mtsplib_minmax\nearest_insertion\eil51_k5.txt
mtsplib_minmax,eil51_k7,data\mtsplib_minmax\eil51_k7.txt,50,7,alns,112,624,112,5.001498,6080,yes,no,yes,main,112,760,14,0,0.00,-136,same_max_better_total,MTSPLIB MinMaxMTSP tours,eil51(m=7)-tours.txt,outputs\experiments\algorithm_benchmarks\mtsplib_minmax\alns\eil51_k7.txt
mtsplib_minmax,eil51_k7,data\mtsplib_minmax\eil51_k7.txt,50,7,round_robin,279,1767,80,0.000013,1,yes,no,yes,main,112,760,14,167,149.11,1007,worse_max,MTSPLIB MinMaxMTSP tours,eil51(m=7)-tours.txt,outputs\experiments\algorithm_benchmarks\mtsplib_minmax\round_robin\eil51_k7.txt
mtsplib_minmax,eil51_k7,data\mtsplib_minmax\eil51_k7.txt,50,7,greedy_balanced,113,737,17,0.001267,1,yes,no,yes,main,112,760,14,1,0.89,-23,worse_max,MTSPLIB MinMaxMTSP tours,eil51(m=7)-tours.txt,outputs\experiments\algorithm_benchmarks\mtsplib_minmax\greedy_balanced\eil51_k7.txt
mtsplib_minmax,eil51_k7,data\mtsplib_minmax\eil51_k7.txt,50,7,nearest_insertion,169,980,53,0.000511,1,yes,no,yes,main,112,760,14,57,50.89,220,worse_max,MTSPLIB MinMaxMTSP tours,eil51(m=7)-tours.txt,outputs\experiments\algorithm_benchmarks\mtsplib_minmax\nearest_insertion\eil51_k7.txt
mtsplib_minmax,eil76_k2,data\mtsplib_minmax\eil76_k2.txt,75,2,alns,284,565,3,5.000118,1510,yes,no,yes,main,279,556,2,5,1.79,9,worse_max,MTSPLIB MinMaxMTSP tours,eil76(m=2)-tours.txt,outputs\experiments\algorithm_benchmarks\mtsplib_minmax\alns\eil76_k2.txt
mtsplib_minmax,eil76_k2,data\mtsplib_minmax\eil76_k2.txt,75,2,round_robin,1371,2670,72,0.000009,1,yes,no,yes,main,279,556,2,1092,391.40,2114,worse_max,MTSPLIB MinMaxMTSP tours,eil76(m=2)-tours.txt,outputs\experiments\algorithm_benchmarks\mtsplib_minmax\round_robin\eil76_k2.txt
mtsplib_minmax,eil76_k2,data\mtsplib_minmax\eil76_k2.txt,75,2,greedy_balanced,325,643,7,0.001461,1,yes,no,yes,main,279,556,2,46,16.49,87,worse_max,MTSPLIB MinMaxMTSP tours,eil76(m=2)-tours.txt,outputs\experiments\algorithm_benchmarks\mtsplib_minmax\greedy_balanced\eil76_k2.txt
mtsplib_minmax,eil76_k2,data\mtsplib_minmax\eil76_k2.txt,75,2,nearest_insertion,360,715,5,0.001346,1,yes,no,yes,main,279,556,2,81,29.03,159,worse_max,MTSPLIB MinMaxMTSP tours,eil76(m=2)-tours.txt,outputs\experiments\algorithm_benchmarks\mtsplib_minmax\nearest_insertion\eil76_k2.txt
mtsplib_minmax,eil76_k3,data\mtsplib_minmax\eil76_k3.txt,75,3,alns,200,598,2,5.001081,1557,yes,no,yes,main,195,581,3,5,2.56,17,worse_max,MTSPLIB MinMaxMTSP tours,eil76(m=3)-tours.txt,outputs\experiments\algorithm_benchmarks\mtsplib_minmax\alns\eil76_k3.txt
mtsplib_minmax,eil76_k3,data\mtsplib_minmax\eil76_k3.txt,75,3,round_robin,1004,2896,79,0.000015,1,yes,no,yes,main,195,581,3,809,414.87,2315,worse_max,MTSPLIB MinMaxMTSP tours,eil76(m=3)-tours.txt,outputs\experiments\algorithm_benchmarks\mtsplib_minmax\round_robin\eil76_k3.txt
mtsplib_minmax,eil76_k3,data\mtsplib_minmax\eil76_k3.txt,75,3,greedy_balanced,228,676,8,0.001599,1,yes,no,yes,main,195,581,3,33,16.92,95,worse_max,MTSPLIB MinMaxMTSP tours,eil76(m=3)-tours.txt,outputs\experiments\algorithm_benchmarks\mtsplib_minmax\greedy_balanced\eil76_k3.txt
mtsplib_minmax,eil76_k3,data\mtsplib_minmax\eil76_k3.txt,75,3,nearest_insertion,290,834,22,0.002104,1,yes,no,yes,main,195,581,3,95,48.72,253,worse_max,MTSPLIB MinMaxMTSP tours,eil76(m=3)-tours.txt,outputs\experiments\algorithm_benchmarks\mtsplib_minmax\nearest_insertion\eil76_k3.txt
mtsplib_minmax,eil76_k5,data\mtsplib_minmax\eil76_k5.txt,75,5,alns,144,704,10,5.004690,1567,yes,no,yes,main,149,742,1,-5,-3.36,-38,better_max,MTSPLIB MinMaxMTSP tours,eil76(m=5)-tours.txt,outputs\experiments\algorithm_benchmarks\mtsplib_minmax\alns\eil76_k5.txt
mtsplib_minmax,eil76_k5,data\mtsplib_minmax\eil76_k5.txt,75,5,round_robin,672,2741,219,0.000020,1,yes,no,yes,main,149,742,1,523,351.01,1999,worse_max,MTSPLIB MinMaxMTSP tours,eil76(m=5)-tours.txt,outputs\experiments\algorithm_benchmarks\mtsplib_minmax\round_robin\eil76_k5.txt
mtsplib_minmax,eil76_k5,data\mtsplib_minmax\eil76_k5.txt,75,5,greedy_balanced,180,809,31,0.002917,1,yes,no,yes,main,149,742,1,31,20.81,67,worse_max,MTSPLIB MinMaxMTSP tours,eil76(m=5)-tours.txt,outputs\experiments\algorithm_benchmarks\mtsplib_minmax\greedy_balanced\eil76_k5.txt
mtsplib_minmax,eil76_k5,data\mtsplib_minmax\eil76_k5.txt,75,5,nearest_insertion,233,1046,40,0.001374,1,yes,no,yes,main,149,742,1,84,56.38,304,worse_max,MTSPLIB MinMaxMTSP tours,eil76(m=5)-tours.txt,outputs\experiments\algorithm_benchmarks\mtsplib_minmax\nearest_insertion\eil76_k5.txt
mtsplib_minmax,eil76_k7,data\mtsplib_minmax\eil76_k7.txt,75,7,alns,127,829,26,5.002317,1455,yes,no,yes,main,140,958,9,-13,-9.29,-129,better_max,MTSPLIB MinMaxMTSP tours,eil76(m=7)-tours.txt,outputs\experiments\algorithm_benchmarks\mtsplib_minmax\alns\eil76_k7.txt
mtsplib_minmax,eil76_k7,data\mtsplib_minmax\eil76_k7.txt,75,7,round_robin,419,2418,122,0.000018,1,yes,no,yes,main,140,958,9,279,199.29,1460,worse_max,MTSPLIB MinMaxMTSP tours,eil76(m=7)-tours.txt,outputs\experiments\algorithm_benchmarks\mtsplib_minmax\round_robin\eil76_k7.txt
mtsplib_minmax,eil76_k7,data\mtsplib_minmax\eil76_k7.txt,75,7,greedy_balanced,143,923,21,0.004891,1,yes,no,yes,main,140,958,9,3,2.14,-35,worse_max,MTSPLIB MinMaxMTSP tours,eil76(m=7)-tours.txt,outputs\experiments\algorithm_benchmarks\mtsplib_minmax\greedy_balanced\eil76_k7.txt
mtsplib_minmax,eil76_k7,data\mtsplib_minmax\eil76_k7.txt,75,7,nearest_insertion,211,1163,66,0.001360,1,yes,no,yes,main,140,958,9,71,50.71,205,worse_max,MTSPLIB MinMaxMTSP tours,eil76(m=7)-tours.txt,outputs\experiments\algorithm_benchmarks\mtsplib_minmax\nearest_insertion\eil76_k7.txt
mtsplib_minmax,rat99_k2,data\mtsplib_minmax\rat99_k2.txt,98,2,alns,692,1384,0,5.004662,816,yes,no,yes,main,726,1451,1,-34,-4.68,-67,better_max,MTSPLIB MinMaxMTSP tours,rat99(m=2)-tours.txt,outputs\experiments\algorithm_benchmarks\mtsplib_minmax\alns\rat99_k2.txt
mtsplib_minmax,rat99_k2,data\mtsplib_minmax\rat99_k2.txt,98,2,round_robin,1786,3568,4,0.000019,1,yes,no,yes,main,726,1451,1,1060,146.01,2117,worse_max,MTSPLIB MinMaxMTSP tours,rat99(m=2)-tours.txt,outputs\experiments\algorithm_benchmarks\mtsplib_minmax\round_robin\rat99_k2.txt
mtsplib_minmax,rat99_k2,data\mtsplib_minmax\rat99_k2.txt,98,2,greedy_balanced,803,1568,38,0.003142,1,yes,no,yes,main,726,1451,1,77,10.61,117,worse_max,MTSPLIB MinMaxMTSP tours,rat99(m=2)-tours.txt,outputs\experiments\algorithm_benchmarks\mtsplib_minmax\greedy_balanced\rat99_k2.txt
mtsplib_minmax,rat99_k2,data\mtsplib_minmax\rat99_k2.txt,98,2,nearest_insertion,1040,2072,8,0.003152,1,yes,no,yes,main,726,1451,1,314,43.25,621,worse_max,MTSPLIB MinMaxMTSP tours,rat99(m=2)-tours.txt,outputs\experiments\algorithm_benchmarks\mtsplib_minmax\nearest_insertion\rat99_k2.txt
mtsplib_minmax,rat99_k3,data\mtsplib_minmax\rat99_k3.txt,98,3,alns,520,1552,8,5.003601,753,yes,no,yes,main,585,1744,10,-65,-11.11,-192,better_max,MTSPLIB MinMaxMTSP tours,rat99(m=3)-tours.txt,outputs\experiments\algorithm_benchmarks\mtsplib_minmax\alns\rat99_k3.txt
mtsplib_minmax,rat99_k3,data\mtsplib_minmax\rat99_k3.txt,98,3,round_robin,1567,4659,37,0.000028,1,yes,no,yes,main,585,1744,10,982,167.86,2915,worse_max,MTSPLIB MinMaxMTSP tours,rat99(m=3)-tours.txt,outputs\experiments\algorithm_benchmarks\mtsplib_minmax\round_robin\rat99_k3.txt
mtsplib_minmax,rat99_k3,data\mtsplib_minmax\rat99_k3.txt,98,3,greedy_balanced,614,1807,26,0.002988,1,yes,no,yes,main,585,1744,10,29,4.96,63,worse_max,MTSPLIB MinMaxMTSP tours,rat99(m=3)-tours.txt,outputs\experiments\algorithm_benchmarks\mtsplib_minmax\greedy_balanced\rat99_k3.txt
mtsplib_minmax,rat99_k3,data\mtsplib_minmax\rat99_k3.txt,98,3,nearest_insertion,847,2448,48,0.001826,1,yes,no,yes,main,585,1744,10,262,44.79,704,worse_max,MTSPLIB MinMaxMTSP tours,rat99(m=3)-tours.txt,outputs\experiments\algorithm_benchmarks\mtsplib_minmax\nearest_insertion\rat99_k3.txt
mtsplib_minmax,rat99_k5,data\mtsplib_minmax\rat99_k5.txt,98,5,alns,459,2231,32,5.005961,712,yes,no,yes,main,468,2331,4,-9,-1.92,-100,better_max,MTSPLIB MinMaxMTSP tours,rat99(m=5)-tours.txt,outputs\experiments\algorithm_benchmarks\mtsplib_minmax\alns\rat99_k5.txt
mtsplib_minmax,rat99_k5,data\mtsplib_minmax\rat99_k5.txt,98,5,round_robin,1182,5713,82,0.000018,1,yes,no,yes,main,468,2331,4,714,152.56,3382,worse_max,MTSPLIB MinMaxMTSP tours,rat99(m=5)-tours.txt,outputs\experiments\algorithm_benchmarks\mtsplib_minmax\round_robin\rat99_k5.txt
mtsplib_minmax,rat99_k5,data\mtsplib_minmax\rat99_k5.txt,98,5,greedy_balanced,484,2386,14,0.003275,1,yes,no,yes,main,468,2331,4,16,3.42,55,worse_max,MTSPLIB MinMaxMTSP tours,rat99(m=5)-tours.txt,outputs\experiments\algorithm_benchmarks\mtsplib_minmax\greedy_balanced\rat99_k5.txt
mtsplib_minmax,rat99_k5,data\mtsplib_minmax\rat99_k5.txt,98,5,nearest_insertion,648,3194,17,0.001992,1,yes,no,yes,main,468,2331,4,180,38.46,863,worse_max,MTSPLIB MinMaxMTSP tours,rat99(m=5)-tours.txt,outputs\experiments\algorithm_benchmarks\mtsplib_minmax\nearest_insertion\rat99_k5.txt
mtsplib_minmax,rat99_k7,data\mtsplib_minmax\rat99_k7.txt,98,7,alns,442,2849,174,5.007217,719,yes,no,yes,main,444,3068,23,-2,-0.45,-219,better_max,MTSPLIB MinMaxMTSP tours,rat99(m=7)-tours.txt,outputs\experiments\algorithm_benchmarks\mtsplib_minmax\alns\rat99_k7.txt
mtsplib_minmax,rat99_k7,data\mtsplib_minmax\rat99_k7.txt,98,7,round_robin,799,5273,82,0.000034,1,yes,no,yes,main,444,3068,23,355,79.95,2205,worse_max,MTSPLIB MinMaxMTSP tours,rat99(m=7)-tours.txt,outputs\experiments\algorithm_benchmarks\mtsplib_minmax\round_robin\rat99_k7.txt
mtsplib_minmax,rat99_k7,data\mtsplib_minmax\rat99_k7.txt,98,7,greedy_balanced,458,3068,32,0.004869,1,yes,no,yes,main,444,3068,23,14,3.15,0,worse_max,MTSPLIB MinMaxMTSP tours,rat99(m=7)-tours.txt,outputs\experiments\algorithm_benchmarks\mtsplib_minmax\greedy_balanced\rat99_k7.txt
mtsplib_minmax,rat99_k7,data\mtsplib_minmax\rat99_k7.txt,98,7,nearest_insertion,599,3878,69,0.002021,1,yes,no,yes,main,444,3068,23,155,34.91,810,worse_max,MTSPLIB MinMaxMTSP tours,rat99(m=7)-tours.txt,outputs\experiments\algorithm_benchmarks\mtsplib_minmax\nearest_insertion\rat99_k7.txt
